"","iso_code","country_name","world_region","past_cases","new_cases","new_deaths","new_cases_per_million","new_deaths_per_million","new_tests","new_tests_smoothed","new_tests_per_thousand","new_tests_smoothed_per_thousand","tests_units","stringency_index","population","population_density","median_age","aged_65_older","aged_70_older","gdp_per_capita","extreme_poverty","cvd_death_rate","diabetes_prevalence","female_smokers","male_smokers","handwashing_facilities","hospital_beds_per_100k","total_cases","total_deaths","total_cases_per_million","total_deaths_per_million","total_tests","total_tests_per_thousand","C1_School.closing","C1_Flag","C2_Workplace.closing","C2_Flag","C3_Cancel.public.events","C3_Flag","C4_Restrictions.on.gatherings","C4_Flag","C5_Close.public.transport","C5_Flag","C6_Stay.at.home.requirements","C6_Flag","C7_Restrictions.on.internal.movement","C7_Flag","C8_International.travel.controls","E1_Income.support","E1_Flag","E2_Debt.contract.relief","E3_Fiscal.measures","E4_International.support","H1_Public.information.campaigns","H1_Flag","H2_Testing.policy","H3_Contact.tracing","H4_Emergency.investment.in.healthcare","H5_Investment.in.vaccines","M1_Wildcard","ConfirmedCases","ConfirmedDeaths","StringencyIndex","StringencyIndexForDisplay","LegacyStringencyIndex","LegacyStringencyIndexForDisplay"
"1","ABW","Aruba","Latin America and the Caribbean",0.8,0,0,0,0,NA,NA,NA,NA,NA,NA,106766,584.8,41.2,13.085,7.452,35973.781,NA,NA,11.62,NA,NA,NA,NA,101,3,945.994,28.099,NA,NA,"3","1","3","1","2","1","4","1","0","1","2","1","2","1","3","0",NA,"2","0","0","2","1","1","0","0","0",NA,"100","2","83.46","83.46","80","80"
"2","AFG","Afghanistan","Asia and the Pacific",48.6,369.2,8.6,9.4842,0.221,NA,NA,NA,NA,NA,NA,38928341,54.422,18.6,2.581,1.337,1803.987,NA,597.029,9.59,NA,NA,37.746,0.5,7072,173,181.667,4.444,NA,NA,"3","1","3","0","2","1","4","1","2","0","2","0","2","0","1","0",NA,"0",NA,"0","2","1","1","1","0","0",NA,"6402","57","76.33","76.33","75.48","75.48"
"3","AGO","Angola","Africa",1,0.6,0,0.0182,0,NA,NA,NA,NA,NA,84.78,32866268,23.89,16.8,2.405,1.362,5819.495,NA,276.045,3.94,NA,NA,26.664,NA,48,2,1.46,0.061,NA,NA,"3","1","2","1","2","1","4","1","1","1","2","1","2","1","4","0",NA,"2","0","0","1","1","2","0","0","0",NA,"24","2","86.77","86.77","84.05","84.05"
"4","ALB","Albania","Europe",16.2,13.6,0,4.7258,0,NA,NA,NA,NA,NA,NA,2877800,104.871,38,13.188,8.643,11803.431,1.1,304.195,10.08,7.1,51.2,NA,2.89,948,31,329.418,10.772,NA,NA,"3","1","2","0","2","1","4","1","2","0","2","1","2","1","4","2","0","1","0","0","2","1","2","1","0","0",NA,"548","31","88.36","88.36","85.24","85.24"
"5","AND","Andorra","Europe",11.6,0.2,0.4,2.5884,5.177,NA,NA,NA,NA,NA,NA,77265,163.755,NA,NA,NA,NA,NA,109.135,7.97,29,37.8,NA,NA,761,51,9849.22,660.066,NA,NA,"3","1","2","1","1","1","0",NA,"1","1","1","1","0",NA,"3","2","1","0","0",NA,"2","1","3","1","0","0",NA,"743","40","59.12","59.12","74.05","74.05"
"6","ARE","United Arab Emirates","West Asia",356.2,760.8,3.6,76.923,0.3638,NA,NA,NA,NA,NA,76.0133333333333,9890400,112.442,34,1.144,0.526,67293.483,NA,317.84,17.26,1.2,37.4,NA,1.2,24190,224,2445.806,22.648,NA,NA,"3","1","2","1","2","1","4","1","1","1","2","1","1","1","4","0",NA,"2","0","0","2","1","3","2","0","0",NA,"6302","64","86.77","86.77","85.24","85.24"
"7","ARG","Argentina","Latin America and the Caribbean",111.2,298.4,10.6,6.6022,0.2344,3039,2.24775,2839.25,0.06275,NA,NA,45195777,16.177,31.9,11.198,7.441,18933.907,0.6,191.032,5.5,16.2,27.7,NA,5,8358,382,184.929,8.452,NA,NA,"3","1","2","0","2","1","4","1","2","1","2","1","1","1","4","1","1","2","0","0","2","1","1","2","0","0",NA,"3423","300","87.57","87.57","86.43","86.43"
"8","AUS","Australia","Asia and the Pacific",44,17,0.2,0.6666,0.0078,28478,40.7022,30739.4,1.2054,NA,NA,25499881,3.202,37.9,15.504,10.129,44648.71,0.5,107.791,5.07,13,16.5,NA,3.84,7060,99,276.864,3.882,1085870,0.935,"2","0","2","0","2","1","4","1","0",NA,"2","0","2","0","4","1","1","2","0",NA,"2","1","1","1","0","0",NA,"6586","97","68.26","68.26","63.81","63.81"
"9","AUT","Austria","Europe",123.8,43,1,4.7742,0.111,5565.8,40.1838,6528.6,0.725,NA,58.99,9006400,106.749,44.4,19.202,13.748,45436.686,0.7,145.183,6.35,28.4,30.9,NA,7.37,16179,629,1796.389,69.839,372435,0.729,"3","1","2","1","2","1","4","1","0",NA,"0","1","1","1","2","2","1","2","0","0","2","1","2","2","0","0",NA,"14662","628","71.42","58.99","68.81","65.24"
"10","AZE","Azerbaijan","Europe",45,105.8,1,10.4346,0.0988,NA,NA,NA,NA,NA,NA,10139175,119.309,32.4,6.018,3.871,15847.419,NA,559.812,7.11,0.3,42.5,83.241,4.7,3287,40,324.188,3.945,NA,NA,"3","1","3","1","2","1","4","1","0","0","2","1","2","1","4","2","1","0","0","0","2","1","2","1","0","0",NA,"1373","20","86.24","86.24","82.86","82.86"
"11","BDI","Burundi","Africa",0.2,3,0,0.2522,0,NA,NA,NA,NA,NA,22.22,11890781,423.062,17.5,2.562,1.504,702.225,71.7,293.068,6.05,NA,NA,6.144,0.8,42,1,3.532,0.084,NA,NA,"0",NA,"0",NA,"0",NA,"0",NA,"0",NA,"0",NA,"0",NA,"4","0",NA,"0","0","0","2","1","1","2","0","0",NA,"19","1","22.22","22.22","25.71","25.71"
"12","BEL","Belgium","Europe",1318.8,315.6,47.4,27.2312,4.0898,11939,49.159,14099.3333333333,1.21633333333333,NA,75.26,11589616,375.564,41.8,18.571,12.849,42658.576,0.2,114.898,4.29,25.1,31.4,NA,5.64,55559,9080,4793.86,783.46,NA,NA,"2","1","3","1","2","1","4","1","0","1","2","1","2","1","4","2","0","2","0","0","2","1","1","1","0","0",NA,"37183","5453","83.6","83.6","79.29","79.29"
"13","BEN","Benin","Africa",0.4,2.4,0,0.198,0,NA,NA,NA,NA,NA,NA,12123198,99.11,18.8,3.244,1.942,2064.236,49.6,235.848,0.99,0.6,12.3,11.035,0.5,339,2,27.963,0.165,NA,NA,"3","1","0",NA,"2","1","4","0","1","0","0",NA,"2","0","2","0",NA,"0","0","0","2","1","2","2","0","0",NA,"54","2","58.74","58.74","62.86","62.86"
"14","BFA","Burkina Faso","Africa",10,4.6,0,0.2202,0,NA,NA,NA,NA,NA,62.04,20903278,70.151,17.6,2.409,1.358,1703.102,43.7,269.048,2.42,1.6,23.9,11.877,0.4,796,51,38.08,2.44,NA,NA,"3","1","2","1","2","1","1","1","2","1","2","1","2","1","4","0",NA,"0","0","0","2","1","1","2","0","0",NA,"773","48","88.75","88.75","93.57","93.57"
"15","BGD","Bangladesh","Asia and the Pacific",268.2,1209.6,16,7.3448,0.0972,8343,1.0714,7557.6,0.046,NA,91.93,164689383,1265.036,27.5,5.098,3.262,3523.984,14.8,298.003,8.38,1,44.7,34.808,0.8,23870,349,144.94,2.119,193645,0.051,"3","1","2","1","2","1","4","1","2","1","2","1","2","1","3","0",NA,"0","0","0","2","1","2","1","0","0",NA,"2144","84","91.93","91.93","90.71","90.71"
"16","BGR","Bulgaria","Europe",38.6,38,3.2,5.4688,0.4608,1019.8,9.3868,1203,0.1734,NA,NA,6948445,65.18,44.7,20.801,13.272,18563.307,1.5,424.688,5.81,30.1,44.4,NA,7.454,2259,112,325.109,16.119,66810,0.126,"3","1","1","1","2","1","4","1","0",NA,"2","0","2","1","3","2","0","2",NA,"0","2","1","1","0","0","0",NA,"878","43","75","75","72.86","72.86"
"17","BHR","Bahrain","West Asia",82.4,273.6,0.4,160.7916,0.235,7415.6,138.7876,7359.4,4.3252,NA,NA,1701583,1935.907,32.4,2.372,1.387,43290.705,NA,151.689,16.52,5.8,37.6,NA,2,7184,12,4221.951,7.052,248205,3.041,"3","1","2","1","2","1","4","1","1","1","2","1","1","1","4","2","0","2","0","0","2","1","2","2","0","0",NA,"1773","8","86.77","86.77","85.24","85.24"
"18","BIH","Bosnia and Herz.","Europe",45.2,24.4,2.4,7.4372,0.7314,NA,NA,NA,NA,NA,81.22,3280815,68.496,42.5,16.569,10.711,11713.895,0.2,329.635,10.08,30.2,47.7,97.164,3.5,2303,132,701.96,40.234,NA,NA,"3","1","3","1","2","1","4","1","2","1","2","1","2","0","3","2","0","1","0","0","2","1","2","0","0","0",NA,"1588","62","91.4","91.4","90.71","90.71"
"19","BLR","Belarus","Europe",372,949.4,5,100.4728,0.529,NA,37.094,12082.3333333333,1.27866666666667,NA,15.47,9449321,46.858,40.3,14.799,9.788,17167.967,NA,443.129,5.18,10.5,46.1,NA,11,30572,171,3235.365,18.097,NA,NA,"0","1","0",NA,"0",NA,"0",NA,"0",NA,"0",NA,"0",NA,"3","0",NA,"0","0","0","1","1","3","2","0","0",NA,"4779","45","15.47","15.47","18.1","18.1"
"20","BLZ","Belize","Latin America and the Caribbean",0,0,0,0,0,NA,NA,NA,NA,NA,87.04,397621,16.426,25,3.853,2.279,7824.362,NA,176.957,17.11,NA,NA,90.083,1.3,18,2,45.269,5.03,NA,NA,"3","1","1","0","2","1","3","1","1","0","2","0","2","0","4","1","1","0","0","0","2","1","1","2","0","0",NA,"18","2","73.42","73.42","72.14","72.14"
"21","BMU","Bermuda","Latin America and the Caribbean",5.8,0.8,0.2,12.8466,3.2116,NA,NA,NA,NA,NA,80.15,62273,1308.82,NA,NA,NA,50669.315,NA,139.547,13,NA,NA,NA,NA,125,9,2007.29,144.525,NA,NA,"3","1","2","1","1","1","4","1","1","1","1","1","1","1","4","0",NA,"0","0","0","2","1","1","2","0","0",NA,"118","5","80.15","80.15","84.05","84.05"
"22","BOL","Bolivia","Latin America and the Caribbean",33.2,223,6.4,19.104,0.5484,222.75,0.859,202.25,0.0175,NA,NA,11673029,10.202,25.4,6.704,4.393,6885.829,7.1,204.299,6.89,NA,NA,25.383,1.1,4263,174,365.201,14.906,NA,NA,"3","1","3","1","2","1","4","1","2","1","2","1","2","1","4","1","1","1","0","0","2","1","0","1","0","0",NA,"520","32","97.35","97.35","97.14","97.14"
"23","BRA","Brazil","Latin America and the Caribbean",2633.8,13049.2,728.6,61.3906,3.428,NA,NA,NA,NA,NA,NA,212559409,25.04,33.5,8.552,5.06,14103.452,3.4,177.961,8.11,10.1,17.9,NA,2.2,254220,16792,1195.995,78.999,NA,NA,"3","0","3","0","2","0","4","0","2","0","1","0","2","0","4","1","1","1","0","0","2","1","1","0","0","0",NA,"36599","2347","72.51","72.51","77.62","75.71"
"24","BRB","Barbados","Latin America and the Caribbean",0.6,0.6,0,2.088,0,NA,NA,NA,NA,NA,82.53,287371,664.463,39.8,14.952,9.473,16978.068,NA,170.05,13.57,1.9,14.5,88.469,5.8,88,7,306.224,24.359,NA,NA,"3","1","3","1","2","1","4","1","1","1","3","1","2","1","2","1","0","1","0","0","2","1","2","2","0","0",NA,"82","7","90.47","90.47","86.67","86.67"
"25","BRN","Brunei","Asia and the Pacific",0.2,0,0,0,0,NA,NA,NA,NA,NA,NA,437483,81.347,32.4,4.591,2.382,71809.251,NA,201.285,12.79,2,30.9,NA,2.7,141,1,322.298,2.286,NA,NA,"3","1","0",NA,"2","1","3","1","0",NA,"0",NA,"1","1","4","1","0","0","0","0","2","1","2","1","0","0",NA,"138","1","60.71","60.71","63.81","63.81"
"26","BTN","Bhutan","Asia and the Pacific",0,1.2,0,1.5552,0,NA,NA,NA,NA,NA,NA,771612,21.188,28.6,4.885,2.977,8708.597,1.5,217.066,9.75,NA,NA,79.807,1.7,21,0,27.216,0,NA,NA,"3","1","2","1","1","1","4","1","1","1","0",NA,"2","1","4","1","1","2","0","0","2","1","1","2","0","0",NA,"7","0","78.3","78.3","88.81","88.81"
"27","BWA","Botswana","Africa",0.4,0.2,0,0.085,0,NA,NA,NA,NA,NA,NA,2351625,4.044,25.8,3.941,2.242,15807.374,NA,237.372,4.81,5.7,34.4,NA,1.8,25,1,10.631,0.425,NA,NA,"3","1","3","1","2","1","4","1","1","1","2","0","2","0","4","1","0","2","0","0","2","1","1","1","0","0",NA,"23","1","87.04","87.04","87.62","87.62"
"28","CAF","Central African Rep.","Africa",0.2,27.8,0,5.7558,0,NA,NA,NA,NA,NA,NA,4829764,7.479,18.3,3.655,2.251,661.24,NA,435.727,6.1,NA,NA,16.603,1,336,0,69.569,0,NA,NA,"3","1","2","1","2","1","3","1","0",NA,"0",NA,"2","0","4","0",NA,"0","0","0","2","1","1","1","0","0",NA,"50","0","69.97","69.97","74.52","74.52"
"29","CAN","Canada","North America",1535.6,1156.6,107.6,30.6448,2.851,32834.2,34.1904,28417,0.7528,NA,67.74,37742157,4.037,41.4,16.984,10.797,44017.591,0.5,105.599,7.37,12,16.6,NA,2.5,78061,5842,2068.271,154.787,1336967,0.45,"3","1","3","0","2","0","4","0","0",NA,"1","1","2","0","4","2","1","1","0","0","2","1","3","1","0","0",NA,"33341","1467","70.91","70.91","71.67","71.67"
"30","CHE","Switzerland","Europe",364.6,36.8,7.8,4.252,0.9014,3278.25,40.036,4618.75,0.5335,NA,71.55,8654618,214.243,43.1,18.436,12.644,57410.166,NA,99.739,5.59,22.6,28.9,NA,4.53,30514,1602,3525.748,185.103,NA,NA,"3","1","2","1","2","1","4","1","0",NA,"1","1","1","1","3","2","0","1","0","0","2","1","1","1","0","0",NA,"27322","1110","74.2","74.2","71.67","71.67"
"31","CHL","Chile","Latin America and the Caribbean",441,2335.6,26.4,122.1792,1.381,14356.6,19.183,12331.4,0.645,NA,78.83,19116209,24.282,35.4,11.087,6.938,22767.037,1.3,127.993,8.46,34.2,41.5,NA,2.11,46059,478,2409.421,25.005,397200,0.847,"3","1","2","1","2","1","3","1","0",NA,"2","1","2","0","3","1","0","1","0","0","2","1","2","2","0","0",NA,"9730","126","75.66","75.66","72.86","72.86"
"32","CHN","China","Asia and the Pacific",100,7.8,0.2,0.0052,2e-04,NA,NA,NA,NA,NA,NA,1439323774,147.674,38.7,10.641,5.929,15308.712,0.7,261.899,9.74,1.9,48.4,NA,4.34,84063,4638,58.405,3.222,NA,NA,"3","0","2","0","2","0","4","0","0",NA,"1","0","1","0","3","0",NA,"0","0","0","2","1","3","2","0","0",NA,"83976","4637","55.17","55.17","56.9","56.9"
"33","CIV","Ivory Coast","Africa",35,41.4,0.8,1.5696,0.0304,NA,NA,NA,NA,NA,NA,26378275,76.399,18.7,2.933,1.582,3601.006,28.2,303.74,2.42,NA,NA,19.351,NA,2119,28,80.331,1.061,NA,NA,"3","1","2","1","2","1","3","1","1","1","1","1","2","1","4","0",NA,"1","0","0","2","1","2","1","0","0",NA,"801","14","86.11","86.11","88.81","88.81"
"34","CMR","Cameroon","Africa",39.2,98.4,0.8,3.7066,0.0302,NA,NA,NA,NA,NA,NA,26545864,50.885,18.8,3.165,1.919,3364.926,23.8,244.661,7.2,NA,NA,2.735,1.3,3292,140,124.012,5.274,NA,NA,"3","1","0","1","2","1","3","1","1","1","0",NA,"1","1","4","0",NA,"0","0","0","2","1","2","0","0","0",NA,"2265","64","67.85","67.85","73.33","73.33"
"35","COD","Congo (Kinshasa)","Africa",18.4,77.4,2.2,0.8642,0.0246,NA,NA,NA,NA,NA,80.04,89561404,35.879,17,3.02,1.745,808.133,77.1,318.949,6.1,NA,NA,4.472,NA,1629,61,18.189,0.681,NA,NA,"3","1","2","0","2","1","3","1","2","0","2","0","2","0","4","0",NA,"2","0","0","2","1","1","1","0","0",NA,"684","25","80.04","80.04","80.48","80.48"
"36","COG","Congo (Brazzaville)","Africa",14.6,14.2,0.8,2.5734,0.145,NA,NA,NA,NA,NA,NA,5518092,15.405,19,3.402,2.063,4881.406,37,344.094,7.2,1.7,52.3,47.964,NA,412,15,74.663,2.718,NA,NA,"3","1","3","1","2","1","3","1","2","1","3","1","2","1","4","1","1","2","0","0","2","1","1","1","0","0",NA,"200","10","98.02","98.02","97.14","97.14"
"37","COL","Colombia","Latin America and the Caribbean",153.8,673,16.6,13.2266,0.3262,6455.66666666667,3.73166666666667,6361.66666666667,0.125,NA,90.74,50882884,44.223,32.2,7.646,4.312,13254.949,4.5,124.24,7.44,4.7,13.5,65.386,1.71,16295,592,320.245,11.635,NA,NA,"3","1","2","1","2","1","4","1","1","1","2","1","2","1","4","1","1","2","0","0","2","1","2","2","0","0",NA,"3621","166","90.74","90.74","88.81","88.81"
"38","CPV","Cape Verde","Africa",9.6,7.8,0.2,14.0292,0.3598,NA,NA,NA,NA,NA,82.41,555988,135.58,25.7,4.46,3.437,6222.554,NA,182.219,2.42,2.1,16.5,NA,2.1,328,3,589.941,5.396,NA,NA,"2","1","3","1","2","1","3","1","1","1","2","1","2","1","4","1","1","2","0","0","2","1","2","1","0","0",NA,"67","2","79.63","79.63","88.81","88.81"
"39","CRI","Costa Rica","Latin America and the Caribbean",8.6,10.2,0.6,2.0024,0.1178,358.8,2.752,345,0.0678,NA,NA,5094114,96.079,33.6,9.468,5.694,15524.995,1.3,137.973,8.78,6.4,17.4,83.841,1.13,866,10,170,1.963,14616,0.027,"3","1","3","1","2","1","3","1","0","1","1","1","2","1","4","1","1","1","0","0","2","1","2","2","0","0",NA,"687","6","78.96","78.96","79.29","79.29"
"40","CUB","Cuba","Latin America and the Caribbean",52,14.2,0,1.2538,0,2045.5,7.30975,2071,0.183,NA,NA,11326616,110.408,43.1,14.738,9.719,NA,NA,190.968,8.27,17.1,53.3,85.198,5.2,1881,79,166.069,6.975,NA,NA,"3","1","3","1","2","1","0","1","2","1","2","0","2","1","4","1","0","2","0","0","2","1","2","1","0","0",NA,"986","79","83.07","83.07","97.14","97.14"
"41","CYP","Cyprus","Europe",19.8,2.4,0,2.74,0,NA,NA,NA,NA,NA,94.18,875899,127.657,37.3,13.416,8.563,32415.132,NA,141.171,9.24,19.6,52.7,NA,3.4,917,17,1046.924,19.409,NA,NA,"3","1","3","0","2","1","4","1","2","1","2","1","2","1","4","2","1","2","0","0","2","1","3","2","0","0",NA,"761","15","94.18","94.18","93.57","93.57"
"42","CZE","Czech Rep.","Europe",119,63.4,1.4,5.9204,0.1306,5425.25,33.21425,6505.25,0.6075,NA,59.65,10708982,137.176,43.3,19.027,11.58,32605.906,NA,227.485,6.82,30.5,38.3,NA,6.63,8586,297,801.757,27.734,NA,NA,"3","1","2","1","2","1","3","1","0",NA,"1","1","0",NA,"2","2","1","2","0","0","2","1","2","2","0","0",NA,"6654","227","62.3","62.3","66.43","66.43"
"43","DEU","Germany","Europe",2959.8,594.2,56.8,7.092,0.6778,NA,NA,NA,NA,NA,69.055,83783945,237.016,46.6,21.453,15.957,45229.245,NA,156.139,8.31,28.2,33.1,NA,8,175210,8007,2091.212,95.567,NA,NA,"3","1","1","1","2","1","4","1","0","1","2","0","2","0","4","2","0","2","0","0","2","1","1","1","0","0",NA,"159119","6288","68.26","68.26","67.38","67.38"
"44","DJI","Djibouti","Africa",86.8,50,0.8,50.6072,0.8096,NA,NA,NA,NA,NA,NA,988002,41.285,25.4,4.213,2.38,2705.406,22.5,258.037,6.05,1.7,24.5,NA,1.4,1518,7,1536.434,7.085,NA,NA,"3","1","3","1","2","1","4","1","2","1","3","1","2","1","4","0",NA,"0","0","0","2","1","3","2","0","0",NA,"846","2","100","100","97.14","97.14"
"45","DMA","Dominica","Latin America and the Caribbean",0,0,0,0,0,NA,NA,NA,NA,NA,NA,71991,98.567,NA,NA,NA,9673.367,NA,227.376,11.62,NA,NA,NA,3.8,16,0,222.25,0,NA,NA,"3","1","3","1","2","1","4","1","0",NA,"2","1","2","1","4","0",NA,"0","0","0","2","1","3","2","0","0",NA,"16","0","86.24","86.24","82.86","82.86"
"46","DNK","Denmark","Europe",184.8,60.2,3,10.3932,0.5182,8841.6,66.7678,9929.6,1.7144,NA,NA,5792203,136.52,42.3,19.677,12.325,46682.515,0.2,114.767,6.41,19.3,18.8,NA,2.5,10968,548,1893.58,94.61,402194,1.347,"2","1","2","1","2","1","4","1","1","1","1","1","1","1","4","2","0","2","0","0","2","1","2","2","0","0",NA,"7242","533","81.47","81.47","80.48","80.48"
"47","DOM","Dominican Rep.","Latin America and the Caribbean",233.6,305.8,5,28.1898,0.4608,NA,NA,NA,NA,NA,98.02,10847904,222.873,27.6,6.981,4.419,14600.861,1.6,266.653,8.2,8.5,19.1,55.182,1.6,12725,434,1173.038,40.008,NA,NA,"3","1","3","1","2","1","3","1","2","1","3","1","2","1","4","1","1","0","0","0","2","1","2","1","0","0",NA,"6135","278","98.02","98.02","97.14","97.14"
"48","DZA","Algeria","Africa",110.4,189.6,6.6,4.3234,0.1508,NA,NA,NA,NA,NA,NA,43851043,17.348,29.1,6.211,3.857,13913.839,0.5,278.364,6.73,0.7,30.4,83.741,1.9,7201,555,164.215,12.656,NA,NA,"3","1","2","1","2","1","4","0","2","1","2","0","2","0","3","0",NA,"1","0","0","2","1","0","0","0","0",NA,"2535","367","82.42","82.42","85.95","85.95"
"49","ECU","Ecuador","Latin America and the Caribbean",298.6,619.2,93,35.0962,5.2714,NA,2.9,1264.2,0.0716,NA,NA,17643060,66.939,28.1,7.104,4.458,10581.936,3.6,140.448,5.55,2,12.3,80.635,1.5,33582,2799,1903.411,158.646,53813,NA,"3","1","3","1","2","1","3","1","2","1","2","1","2","1","4","1","1","2","0","0","2","1","3","1","0","0",NA,"11183","576","95.37","95.37","97.14","97.14"
"50","EGY","Egypt","Africa",168.4,466.6,17.8,4.5596,0.174,NA,NA,NA,NA,NA,88.75,102334403,97.999,25.3,5.159,2.891,10550.206,1.3,525.432,17.31,0.2,50.1,89.827,1.6,12764,645,124.728,6.303,NA,NA,"3","1","2","1","2","1","1","1","2","1","2","1","2","1","4","0",NA,"0","0","0","2","1","1","2","0","0",NA,"3490","264","88.75","88.75","93.57","93.57"
"51","ESP","Spain","Europe",3037,516.5,97,11.047,2.07475,NA,NA,NA,NA,NA,NA,46754783,93.105,45.5,19.436,13.799,34272.36,1,99.403,7.17,27.4,31.4,NA,2.97,231606,27709,4953.632,592.645,NA,NA,"3","1","3","1","2","1","4","1","1","1","2","1","1","1","4","2","0","2","0","0","2","1","1","1","0","0",NA,"193252","23190","89.41","83.07","88.81","85.24"
"52","EST","Estonia","Europe",36,6.6,0.6,4.9752,0.4524,838.5,52.76475,894.25,0.674,NA,NA,1326539,31.033,42.7,19.452,13.491,29481.252,0.5,255.569,4.02,24.5,39.3,NA,4.69,1784,64,1344.853,48.246,NA,NA,"3","1","3","1","2","1","4","0","0",NA,"2","1","0","1","2","0",NA,"2","0","0","2","1","2","0","0","0",NA,"1512","55","66.4","66.4","73.57","73.57"
"53","ETH","Ethiopia","Africa",6.2,17.8,0,0.1546,0,3271,0.5275,2996.6,0.0262,NA,NA,114963583,104.957,19.8,3.526,2.063,1729.927,26.7,182.634,7.47,0.4,8.5,7.96,0.3,352,5,3.062,0.043,62300,0.028,"3","1","2","0","2","1","4","1","1","1","1","1","2","0","2","0",NA,"0","0","0","2","1","1","2","0","0",NA,"116","3","76.19","76.19","74.76","74.76"
"54","FIN","Finland","Europe",123.4,65.2,3.2,11.7674,0.5774,2888,26.9993333333333,3101,0.559666666666667,NA,NA,5540718,18.136,42.8,21.228,13.264,40585.721,NA,153.507,5.76,18.3,22.6,NA,3.28,6380,300,1151.475,54.145,NA,NA,"2","1","2","1","2","1","2","1","1","0","1","1","1","1","4","1","1","0","0","0","2","1","1","1","0","0",NA,"3681","90","74.33","74.33","75.71","75.71"
"55","FRA","France","Europe",2749,433.8,233,6.6458,3.5696,NA,NA,NA,NA,NA,85.44,65273512,122.578,42,19.718,13.079,38605.671,NA,86.06,4.77,30.1,35.6,NA,5.98,142903,28239,2189.295,432.626,NA,NA,"3","1","3","1","2","1","4","1","1","1","2","1","2","1","4","2","1","2","0","0","2","1","1","1","0","0",NA,"111821","19323","93.38","93.38","92.38","92.38"
"56","GAB","Gabon","Africa",10.4,85.6,0.4,38.4594,0.1796,NA,NA,NA,NA,NA,86.24,2225728,7.859,23.1,4.45,2.976,16562.413,3.4,259.967,7.2,NA,NA,NA,6.3,1432,11,643.385,4.942,NA,NA,"3","1","3","0","2","1","4","1","1","1","3","1","2","1","4","0",NA,"2","0","0","1","1","3","2","0","0",NA,"109","3","88.89","88.89","84.05","84.05"
"57","GBR","United Kingdom","Europe",5119.2,3340.2,322,49.2032,4.7434,73055,26.18825,67818.75,0.99875,NA,NA,67886004,272.898,40.8,18.517,12.527,39753.244,0.2,122.137,4.28,20,24.7,NA,2.54,246406,34796,3629.703,512.565,NA,NA,"3","1","2","1","2","1","4","1","1","1","2","1","2","1","0","2","1","2","0","0","2","1","1","0","0","0",NA,"114217","17994","79.63","79.63","77.38","77.38"
"58","GEO","Georgia","Europe",23.2,11,0.2,2.7576,0.0502,NA,NA,NA,NA,NA,94.18,3989175,65.032,38.7,14.864,10.244,9745.079,4.2,496.218,7.11,5.3,55.5,NA,2.6,702,12,175.976,3.008,NA,NA,"3","1","2","1","2","1","4","1","2","1","3","1","2","0","4","1","0","1","0","0","2","1","2","2","0","0",NA,"582","6","94.18","94.18","93.57","93.57"
"59","GHA","Ghana","Africa",53.6,65.4,1,2.1048,0.0322,1454,5.675,2711.66666666667,0.087,NA,66.53,31072945,126.719,21.1,3.385,1.948,4227.63,12,298.245,4.97,0.3,7.7,41.047,0.9,5735,29,184.566,0.933,NA,NA,"3","1","1","1","2","1","3","1","1","1","0",NA,"0",NA,"4","0",NA,"2","0","0","2","1","3","2","0","0",NA,"1042","18","66.53","66.53","70.95","70.95"
"60","GMB","Gambia","Africa",0,0.2,0,0.0828,0,NA,NA,NA,NA,NA,84.78,2416664,207.566,17.5,2.339,1.417,1561.767,10.1,331.43,1.91,0.7,31.2,7.876,1.1,24,1,9.931,0.414,NA,NA,"3","1","3","1","2","1","3","1","1","1","1","1","1","1","4","0",NA,"0","0","0","2","1","1","1","0","0",NA,"10","1","84.78","84.78","87.62","87.62"
"61","GRC","Greece","Europe",12.4,15.2,2,1.4582,0.192,4789,12.328,4199.8,0.403,NA,74.34,10423056,83.479,45.3,20.396,14.524,24574.382,1.5,175.695,4.55,35.3,52,NA,4.21,2836,165,272.089,15.83,136001,0.414,"3","1","2","1","2","1","4","1","1","1","2","1","2","1","3","1","1","1","0","0","2","1","2","0","0","0",NA,"2506","130","87.96","87.96","85.95","85.95"
"62","GRL","Greenland","Europe",0,0,0,0,0,NA,NA,NA,NA,NA,80.95,56772,0.137,NA,NA,NA,NA,NA,199.941,2.16,NA,NA,NA,NA,11,0,193.757,0,NA,NA,"3","0","2","1","2","1","2","1","2","1","1","1","1","1","4","0",NA,"0","0","0","2","1","3","2","0","0",NA,"11","0","80.95","80.95","85.24","85.24"
"63","GTM","Guatemala","Latin America and the Caribbean",18,131.8,1.8,7.3568,0.1004,NA,NA,NA,NA,NA,97.35,17915567,157.834,22.9,4.694,3.016,7423.808,8.7,155.898,10.18,NA,NA,76.665,0.6,2001,38,111.691,2.121,NA,NA,"3","1","3","1","2","1","4","1","2","1","2","1","2","1","4","1","1","2","0","0","2","1","2","2","0","0",NA,"257","16","97.35","97.35","97.14","97.14"
"64","GUM","Guam","Asia and the Pacific",0.4,0.4,0,2.37,0,NA,NA,NA,NA,NA,NA,168783,304.128,31.4,9.551,5.493,NA,NA,310.496,21.52,NA,NA,NA,NA,154,5,912.414,29.624,NA,NA,"3","1","3","1","2","1","4","1","2","0","1","1","0",NA,"3","1","0","0","0","0","2","1","2","1","0","0",NA,"151","5","77.65","77.65","82.38","82.38"
"65","GUY","Guyana","Latin America and the Caribbean",3.2,2.2,0,2.797,0,NA,NA,NA,NA,NA,82.27,786559,3.952,26.3,5.305,2.837,7435.047,NA,373.159,11.62,NA,NA,77.159,1.6,124,10,157.649,12.714,NA,NA,"3","1","3","1","2","1","4","1","1","1","2","1","2","1","4","0",NA,"1","0","0","2","1","1","2",NA,"0",NA,"82","10","93.38","93.38","92.38","92.38"
"66","HND","Honduras","Latin America and the Caribbean",13,108.6,4.6,10.9646,0.4646,NA,NA,NA,NA,NA,100,9904608,82.805,24.9,4.652,2.883,4541.795,16,240.208,7.21,2,NA,84.169,0.7,2798,146,282.495,14.741,NA,NA,"3","1","3","1","2","1","4","1","2","1","3","1","2","1","4","2","0","2","0","0","2","1","1","1","0","0",NA,"519","46","100","100","97.14","97.14"
"67","HRV","Croatia","Europe",36.4,3,0.2,0.7308,0.0488,1092,13.0802,1213,0.2954,NA,66.53,4105268,73.726,44,19.724,13.053,22669.797,0.7,253.782,5.59,34.3,39.9,NA,5.54,2228,95,542.717,23.141,55800,0.239,"3","1","2","1","2","1","4","1","2","1","2","1","2","1","4","2","0","2","0","0","2","1","2","2","0","0",NA,"1832","47","91.54","91.54","88.81","88.81"
"68","HUN","Hungary","Europe",80.8,35.2,6.2,3.6438,0.642,3087.8,13.8658,3779.6,0.3916,NA,59.53,9660350,108.043,43.4,18.577,11.976,26777.561,0.5,278.296,7.55,26.8,34.8,NA,7.02,3556,467,368.103,48.342,138697,0.151,"3","1","2","0","2","1","1","1","1","0","2","1","2","1","4","0",NA,"2","0","0","2","1","1","2","0","0",NA,"1916","225","78.44","78.44","80.48","80.48"
"69","IDN","Indonesia","Asia and the Pacific",338.2,514.4,32.6,1.8806,0.1194,3997.2,0.5112,3928.6,0.0144,NA,70.91,273523621,145.725,29.3,5.319,3.053,11188.744,5.7,342.864,6.32,2.8,76.1,64.204,1.04,18010,1191,65.844,4.354,147799,0.017,"3","1","2","0","2","0","4","0","1","0","2","0","1","1","4","0",NA,"0","0","0","2","1","1","2","0","0",NA,"6248","535","70.91","70.91","72.86","72.86"
"70","IND","India","Asia and the Pacific",1069.8,4627.2,122.8,3.3532,0.089,88937.75,1.577,87890.5,0.0635,NA,77.738,1380004385,450.419,28.2,5.989,3.414,6426.674,21.2,282.28,10.39,1.9,20.6,59.55,0.53,101139,3163,73.289,2.292,NA,NA,"3","1","2","0","2","1","4","0","2","0","2","0","2","0","4","1","1","2","0","0","2","1","3","2","0","0",NA,"15712","507","97.35","97.35","93.57","93.57"
"71","IRL","Ireland","Europe",822.2,159.8,10,32.3626,2.0252,NA,59.87,5554.8,1.125,NA,NA,4937796,69.874,38.7,13.928,8.678,67335.293,0.2,126.459,3.28,23,25.7,NA,2.96,24200,1547,4900.972,313.298,295626,NA,"3","1","3","1","2","1","4","1","2","1","2","1","1","1","2","2","1","2","0","0","2","1","1","1","0","0",NA,"14758","1265","87.83","87.83","87.86","87.86"
"72","IRN","Iran","Asia and the Pacific",1513,1953.4,54.8,23.2568,0.6522,14480.8,8.1818,14316.6,0.1704,NA,58.34,83992953,49.831,32.4,5.44,3.182,19082.62,0.2,270.308,9.59,0.8,21.1,NA,1.5,122492,7057,1458.36,84.019,716176,0.173,"3","1","2","0","2","1","1","1","2","0","1","1","2","0","0","1","0","1","0","0","1","1","0","0","0","0",NA,"80868","5031","61.51","61.51","64.29","64.29"
"73","IRQ","Iraq","West Asia",20.8,104.4,2.4,2.5956,0.0596,NA,NA,NA,NA,NA,80.42,40222503,88.125,20,3.186,1.957,15663.986,2.5,218.612,8.83,NA,NA,94.576,1.4,3554,127,88.358,3.157,NA,NA,"3","1","2","0","2","1","4","1","1","1","2","1","2","1","4","0",NA,"0","0","0","2","1","2","0","0","0",NA,"1602","83","87.57","87.57","85.24","80.48"
"74","ISL","Iceland","Europe",9.8,0,0,0,0,242,166.683,400.75,1.174,NA,NA,341250,3.404,37.3,14.431,9.207,46482.958,0.2,117.992,5.31,14.3,15.2,NA,2.91,1802,10,5280.586,29.304,NA,NA,"2","1","2","1","2","1","3","1","0",NA,"0",NA,"0",NA,"3","2","1","2","0","0","2","1","3","2","0","0",NA,"1801","10","56.61","56.61","58.57","58.57"
"75","ISR","Israel","Europe",335.8,14.6,1.6,1.6868,0.185,3847.66666666667,57.254,6550.66666666667,0.756666666666667,NA,NA,8655541,402.606,30.6,11.733,7.359,33132.32,0.5,93.32,6.74,15.4,35.4,NA,2.99,16621,272,1920.273,31.425,NA,NA,"3","1","2","1","2","1","4","1","1","1","2","1","2","0","4","1","1","2","0","0","2","1","1","2","0","0",NA,"13265","199","90.21","82.93","88.81","81.67"
"76","ITA","Italy","Europe",3281.8,756.4,180.2,12.5104,2.9804,59404,49.5234,61882.2,1.0232,NA,68.78,60461828,205.859,47.9,23.021,16.24,35220.084,2,113.151,4.78,19.8,27.8,NA,3.18,225886,32007,3736.01,529.375,3104524,1.045,"3","1","3","1","2","1","4","1","2","1","2","1","2","1","3","1","1","1","0","0","2","1","2","2","0","0",NA,"175925","23227","94.58","94.58","94.29","94.29"
"77","JAM","Jamaica","Latin America and the Caribbean",20,2.2,0,0.7428,0,NA,NA,NA,NA,NA,74.2,2961161,266.879,31.4,9.684,6.39,8193.571,NA,206.537,11.28,5.3,28.6,66.425,1.7,520,9,175.607,3.039,NA,NA,"3","1","1","1","2","1","4","1","1","1","2","1","2","1","3","1","1","1","0","0","2","1","1","1","0","0",NA,"252","9","74.2","74.2","78.81","78.81"
"78","JOR","Jordan","West Asia",4.4,9.4,0,0.9212,0,NA,NA,NA,NA,NA,72.48,10203140,109.285,23.2,3.81,2.361,8337.49,0.1,208.257,11.75,NA,NA,NA,1.4,629,9,61.648,0.882,NA,NA,"3","1","2","0","2","1","4","1","2","1","2","1","2","1","4","1","0","1","0","0","2","1","2","1","0","0",NA,"425","9","88.36","72.48","85.24","85.24"
"79","JPN","Japan","Asia and the Pacific",543.2,57.2,15.2,0.4522,0.1204,NA,1.9316,4326,0.0342,NA,NA,126476458,347.778,48.2,27.049,18.493,39002.223,NA,79.37,5.72,11.2,33.7,NA,13.05,16365,763,129.392,6.033,255675,NA,"3","0","1","1","1","1","0",NA,"0",NA,"1","1","1","1","3","1","1","0","0","0","2","1","1","1","0","0",NA,"10361","186","53.3","53.3","59.76","59.76"
"80","KAZ","Kazakhstan","Asia and the Pacific",95,236,0.6,12.5688,0.032,18665.2,27.797,17837.2,0.95,NA,NA,18776707,6.681,30.6,6.991,4.625,24055.588,0.1,466.792,7.11,7,43.1,98.999,6.7,6751,35,359.541,1.864,553062,0.658,"3","1","3","0","2","1","4","0","2","0","3","0","2","0","4","1","0","1","0","0","2","1","1","2","0","0",NA,"5571","25","84.14","84.14","85.24","85.24"
"81","KEN","Kenya","Africa",10.8,35,2,0.651,0.0372,1724,0.81075,1608.8,0.0298,NA,NA,53771300,87.324,20,2.686,1.528,2993.028,36.8,218.637,2.92,1.2,20.4,24.651,1.4,912,50,16.961,0.93,46784,0.036,"3","1","2","1","2","1","4","1","2","0","3","0","2","1","4","1","1","1","0","0","2","1","1","1","0","0",NA,"281","14","94.18","94.18","88.81","88.81"
"82","KGZ","Kyrgyzstan","Asia and the Pacific",24.8,32.2,0.4,4.9356,0.0614,NA,NA,NA,NA,NA,78.85,6524191,32.333,26.3,4.489,2.882,3393.474,1.4,436.362,7.11,3.6,50.5,89.22,4.5,1243,14,190.522,2.146,NA,NA,"3","1","2","0","2","1","4","0","2","0","3","0","2","1","4","1","1","1","0","0","2","1","1","1","0","0",NA,"746","8","87.31","87.31","88.81","88.81"
"83","KOR","S. Korea","Asia and the Pacific",19.4,17.4,0.6,0.3398,0.0118,10818,14.5654,11590.6,0.226,NA,NA,51269183,527.967,43.4,13.914,8.622,35938.374,0.2,85.998,6.8,6.2,40.9,NA,12.27,11078,263,216.075,5.13,765574,0.241,"3","1","2","1","1","1","0","1","0",NA,"0","1","0","1","3","1","1","1","0","0","2","1","3","2","0","0",NA,"10661","256","46.16","46.16","57.38","57.38"
"84","KWT","Kuwait","West Asia",90.4,932.6,7.2,218.379,1.686,NA,NA,NA,NA,NA,100,4270563,232.128,33.7,2.345,1.114,65530.537,NA,132.235,15.84,2.7,37,NA,2,15691,118,3674.223,27.631,NA,NA,"3","1","3","0","2","1","4","1","2","1","2","1","2","0","4","1","0","0","0","0","2","1","2","2","0","0",NA,"1752","40","91.01","91.01","90","90"
"85","LAO","Laos","Asia and the Pacific",0,0,0,0,0,NA,NA,NA,NA,NA,NA,7275556,29.715,24.4,4.029,2.322,6397.36,22.7,368.111,4,7.3,51.2,49.839,1.5,19,0,2.611,0,NA,NA,"3","1","3","1","2","1","4","1","2","1","2","1","2","1","4","1","0","0","0","0","2","1","1","2","0","0",NA,"19","0","97.35","97.35","97.14","97.14"
"86","LBN","Lebanon","West Asia",8,10.6,0,1.5532,0,NA,NA,NA,NA,NA,NA,6825442,594.561,31.1,8.514,5.43,13367.565,NA,266.591,12.71,26.9,40.7,NA,2.9,931,26,136.401,3.809,NA,NA,"3","1","3","1","2","1","4","1","1","1","2","1","1","1","4","0",NA,"1","0","0","2","1","1","1","0","0",NA,"677","26","89.41","89.41","88.81","88.81"
"87","LBR","Liberia","Africa",4.4,3.2,0.4,0.6326,0.0792,NA,NA,NA,NA,NA,NA,5057677,49.127,19.2,3.057,1.756,752.788,38.6,272.509,2.42,1.5,18.1,1.188,0.8,229,22,45.278,4.35,NA,NA,"3","1","3","1","2","1","4","1","0",NA,"2","1","2","0","3","0",NA,"0","0","0","2","1","1","2",NA,NA,NA,"101","20","80.29","80.29","76.43","76.43"
"88","LBY","Libya","Africa",4.6,0.2,0,0.0292,0,NA,NA,NA,NA,NA,NA,6871287,3.623,29,4.424,2.816,17881.509,NA,341.862,10.43,NA,NA,NA,3.7,65,3,9.46,0.437,NA,NA,"2","0","3","0","2","1","4","1","2","1","3","1","2","1","4","0",NA,"0",NA,"0","2","1","1","1","0","0",NA,"64","3","79.9","79.9","72.14","72.14"
"89","LKA","Sri Lanka","Asia and the Pacific",7.2,15.4,0,0.7194,0,NA,NA,NA,NA,NA,NA,21413250,341.955,34.1,10.069,5.331,11669.077,0.7,197.093,10.68,0.3,27,NA,3.6,992,9,46.326,0.42,NA,NA,"3","1","2","1","2","1","0","1","1","1","3","1","2","1","4","0",NA,"0","0","0","2","1","2","2","0","0",NA,"254","7","82.27","82.27","88.81","88.81"
"90","LTU","Lithuania","Europe",45.6,8.4,1,3.0856,0.3672,6824.33333333333,83.25825,6411.2,2.3552,NA,NA,2722291,45.135,43.5,19.002,13.778,29524.265,0.7,342.989,3.67,21.3,38,NA,6.56,1547,59,568.271,21.673,237600,NA,NA,NA,NA,NA,NA,NA,NA,NA,NA,NA,NA,NA,NA,NA,NA,NA,NA,NA,NA,NA,NA,NA,NA,NA,NA,NA,NA,"1410","46",NA,NA,NA,NA
"91","LUX","Luxembourg","Europe",49,8.6,0.8,13.7388,1.2782,856.8,98.2968,939.2,1.5004,NA,65.73,625976,231.447,39.7,14.312,9.842,94277.965,0.2,128.275,4.42,20.9,26,NA,4.51,3947,107,6305.354,170.933,63011,1.2,"3","1","3","1","2","1","4","1","1","1","1","1","1","1","0","2","1","2","0","0","2","1","1","2","0","0",NA,"3537","96","75.66","75.66","76.19","76.19"
"92","MAR","Morocco","Africa",184.4,88,0.8,2.3842,0.0216,4403.5,2.38475,3367,0.09125,NA,93.38,36910558,80.08,29.6,6.769,4.209,7485.013,1,419.146,7.14,0.8,47.1,NA,1.1,6952,192,188.347,5.202,NA,NA,"3","1","3","1","2","1","2","1","2","1","2","1","2","1","4","1","1","2","0","0","2","1","2","2","0","0",NA,"2685","188","93.38","93.38","97.14","97.14"
"93","MDA","Moldova","Europe",127.8,146.4,6,36.292,1.4876,NA,NA,NA,NA,NA,84.92,4033963,123.655,37.6,10.864,6.955,5189.972,0.2,408.502,5.72,5.9,44.6,86.979,5.8,6138,215,1521.581,53.297,NA,NA,"3","1","2","1","2","1","4","1","2","1","1","1","2","0","4","1","0","1","0","0","1","1","2","2","0","0",NA,"2351","60","84.92","84.92","84.05","84.05"
"94","MDG","Madagascar","Africa",2.2,22,0.2,0.7944,0.0072,NA,NA,NA,NA,NA,64.43,27691019,43.951,19.6,2.929,1.686,1416.44,77.6,405.994,3.94,NA,NA,50.54,0.2,322,1,11.628,0.036,NA,NA,"0","0","1","0","2","1","3","1","1","0","1","1","2","0","4","0","1","0","0","0","2","1","1","1","0","0",NA,"121","0","62.83","62.83","57.86","57.86"
"95","MEX","Mexico","Latin America and the Caribbean",496.6,2289.4,222.4,17.7566,1.7248,1337.33333333333,1.162,3437.66666666667,0.027,NA,85.45,128932753,66.444,29.3,6.857,4.321,17336.469,2.5,152.783,13.06,6.9,21.4,87.847,1.38,51633,5332,400.465,41.355,NA,NA,"3","1","3","1","2","1","3","1","1","0","2","1","2","1","3","0",NA,"0","0","0","2","1","1","1","0","0",NA,"7497","650","85.45","85.45","84.76","84.76"
"96","MLI","Mali","Africa",18.6,23.2,1.6,1.1456,0.0792,NA,NA,NA,NA,NA,NA,20250834,15.196,16.4,2.519,1.486,2014.306,NA,268.024,2.42,1.6,23,52.232,0.1,874,52,43.159,2.568,NA,NA,"3","1","2","1","2","1","3","1","0",NA,"1","1","2","1","3","1","1","1","0","0","2","1","0","2","0","0",NA,"216","14","76.19","76.19","76.43","76.43"
"97","MMR","Myanmar","Asia and the Pacific",9,2,0,0.0368,0,522,0.2635,421.6,0.0076,NA,NA,54409794,81.721,29.1,5.732,3.12,5591.597,6.4,202.104,4.61,6.3,35.2,79.287,0.9,191,6,3.51,0.11,15137,NA,"3","1","3","1","2","1","4","1","2","0","2","0","2","0","3","0",NA,"0",NA,"0","2","1","2","1","0","0",NA,"146","6","85.06","85.06","84.76","84.76"
"98","MNG","Mongolia","Asia and the Pacific",3,15.8,0,4.8196,0,NA,NA,NA,NA,NA,NA,3278292,1.98,28.6,4.031,2.421,11840.846,0.5,460.043,4.82,5.5,46.5,71.18,7,140,0,42.705,0,NA,NA,"3","1","2","1","2","1","4","1","1","0","0","0","0","0","4","0",NA,"2","0","0","2","1","1","2","0","0",NA,"38","0","67.99","67.99","69.76","69.76"
"99","MOZ","Mozambique","Africa",1.6,7.6,0,0.2432,0,NA,NA,NA,NA,NA,NA,31255435,37.728,17.7,3.158,1.87,1136.103,62.9,329.942,3.3,5.1,29.1,12.227,0.7,145,0,4.639,0,NA,NA,"3","1","0",NA,"2","1","3","1","0",NA,"1","1","0",NA,"2","0",NA,"0","0","0","2","1","1","2","0","0",NA,"76","0","53.83","53.83","55.71","55.71"
"100","MRT","Mauritania","Africa",0,14.4,0.4,3.0968,0.086,NA,NA,NA,NA,NA,80.95,4649660,4.289,20.3,3.138,1.792,3597.633,6,232.347,2.42,NA,NA,15.95,NA,81,4,17.421,0.86,NA,NA,"3","1","1","1","2","1","4","1","0",NA,"2","1","2","1","4","1","1","1","0","0","2","1","0","2","0","0",NA,"8","1","80.95","80.95","75.71","75.71"
"101","MUS","Mauritius","Africa",0.2,0,0,0,0,NA,NA,NA,NA,NA,76.32,1271767,622.962,37.4,10.945,5.884,20292.745,0.5,224.644,22.02,3.2,40.7,NA,3.4,332,10,261.054,7.863,NA,NA,"3","1","3","1","2","1","3","1","1","1","2","1","1","1","4","1","1","1","0","0","2","1","1","1","0","0",NA,"332","10","87.43","87.43","88.81","88.81"
"102","MWI","Malawi","Africa",0.2,1.4,0,0.0732,0,NA,NA,NA,NA,NA,59.26,19129955,197.519,18.1,2.979,1.783,1095.042,71.4,227.349,3.94,4.4,24.7,8.704,1.3,70,3,3.659,0.157,NA,NA,"3","1","0","0","2","1","3","1","0",NA,"1","1","0",NA,"3","2","1","2","0","0","2","1","1","2","0","0",NA,"17","3","56.61","56.61","58.57","58.57"
"103","MYS","Malaysia","Asia and the Pacific",97.6,32.4,0.4,1.001,0.0124,9127,13.554,25384,0.784,NA,NA,32365998,96.254,29.9,6.293,3.407,26808.164,0.1,260.942,16.74,1,42.4,NA,1.9,6941,113,214.453,3.491,NA,NA,"3","1","3","1","2","1","2","1","0",NA,"1","1","2","1","3","1","1","2","0","0","2","1","3","2","0","0",NA,"5305","107","76.85","76.85","80","80"
"104","NAM","Namibia","Africa",0,0,0,0,0,NA,NA,NA,NA,NA,61.24,2540916,3.078,22,3.552,2.085,9541.808,13.4,243.811,3.94,9.7,34.2,44.6,NA,16,0,6.297,0,NA,NA,"3","1","1","1","2","1","3","1","0",NA,"2","0","2","1","4","2","1","1","0","0","2","1","1","2","0","0",NA,"712","7","75.79","75.79","75.71","75.71"
"105","NER","Niger","Africa",18.2,9.8,1.2,0.405,0.0494,NA,NA,NA,NA,NA,33.33,24206636,16.955,15.1,2.553,1.378,926,44.5,238.339,2.42,0.1,15.4,8.978,0.3,909,55,37.552,2.272,NA,NA,"3","1","0",NA,"2","1","3","1","0",NA,"0","1","2","0","4","0",NA,"1","0","0","2","1","1","1","0","0",NA,"655","20","61.51","61.51","63.81","63.81"
"106","NGA","Nigeria","Africa",39.8,240.8,5.4,1.1684,0.0262,1319,0.16875,1163.4,0.006,NA,76.59,206139587,209.588,18.1,2.751,1.447,5338.454,NA,181.013,2.42,0.6,10.8,41.949,NA,6175,191,29.955,0.927,36899,0.008,"3","0","3","0","2","0","4","0","2","0","2","0","2","1","4","0",NA,"0","0","0","2","1","1","2","0","0",NA,"542","40","76.59","76.59","80.48","80.48"
"107","NIC","Nicaragua","Latin America and the Caribbean",0,0,0,0,0,NA,NA,NA,NA,NA,11.11,6624554,51.667,27.3,5.445,3.519,5321.444,3.2,137.016,11.47,NA,NA,NA,0.9,25,8,3.774,1.208,NA,NA,"0",NA,"0",NA,"0",NA,"0",NA,"0",NA,"0",NA,"0",NA,"2","0",NA,"0","0","0","2","1","1","0","0","0",NA,"16","5","16.67","16.67","20","20"
"108","NLD","Netherlands","Europe",1007.6,186,26.4,10.855,1.5408,2774,17.567,4491.75,0.26225,NA,NA,17134873,508.544,43.2,18.779,11.881,48472.545,NA,109.361,5.29,24.4,27.3,NA,3.32,44141,5694,2576.091,332.305,NA,NA,"3","1","3","1","2","1","3","1","1","1","2","1","1","1","3","2","0","1","0","0","2","1","1","1","0","0",NA,"31589","3601","84.65","84.65","85.95","85.95"
"109","NOR","Norway","Europe",99.2,18.2,0.8,3.3572,0.1474,2820,40.235,2462.2,0.454,NA,NA,5421242,14.462,39.7,16.821,10.813,64800.057,0.2,114.316,5.31,19.6,20.7,NA,3.6,8249,233,1521.607,42.979,219984,0.359,"2","1","2","1","2","1","2","1","1","1","0",NA,"1","1","4","0",NA,"2","0","0","2","1","1","1","0","0",NA,"7759","193","71.69","71.69","80.48","80.48"
"110","NPL","Nepal","Asia and the Pacific",3.4,31.2,0.4,1.071,0.0136,2015,0.9395,1535,0.0525,NA,NA,29136808,204.43,25,5.809,3.212,2442.804,15,260.797,7.26,9.5,37.8,47.782,0.3,375,2,12.87,0.069,NA,NA,"3","1","3","1","2","1","3","1","2","1","3","1","2","1","3","1","1","2","0",NA,"2","1","1","2","0","0",NA,"31","0","95.24","95.24","94.29","94.29"
"111","NZL","New Zealand","Asia and the Pacific",5.2,1.2,0,0.2486,0,4264,47.522,5428.75,1.12575,NA,38.49,4822233,18.206,37.9,15.322,9.72,36085.843,NA,128.797,8.08,14.8,17.2,NA,2.61,1153,21,239.101,4.355,NA,NA,"2","1","2","1","2","1","4","1","1","1","2","1","2","1","4","2","0","1","0","0","2","1","2","2","0","0",NA,"1147","21","88.09","88.09","85.24","85.24"
"112","OMN","Oman","West Asia",73.4,272,1.8,53.264,0.3526,NA,NA,NA,NA,NA,NA,5106622,14.98,30.7,2.355,1.53,37960.709,NA,266.342,12.61,0.5,15.6,97.4,1.6,5379,26,1053.338,5.091,NA,NA,"3","1","2","0","2","1","4","1","2","1","2","0","2","0","4","2","0","0","0","0","2","1","2","2","0","0",NA,"1508","10","85.19","85.19","85.24","85.24"
"113","PAK","Pakistan","Asia and the Pacific",455.4,1635.6,33.8,7.4044,0.153,13908.4,1.6882,12949.2,0.0586,NA,94.71,220892331,255.573,23.5,4.495,2.78,5034.708,4,423.031,8.35,2.8,36.7,59.607,0.6,43966,939,199.038,4.251,400292,0.059,"3","1","2","1","2","1","4","1","2","1","2","1","2","1","4","1","1","1","0","0","2","1","2","2","0","0",NA,"9749","209","94.71","94.71","93.57","93.57"
"114","PAN","Panama","Latin America and the Caribbean",160.2,156.4,4.6,36.2476,1.0662,1051.75,11.491,1071.5,0.24825,NA,NA,4314768,55.133,29.7,7.918,5.03,22267.037,2.2,128.346,8.33,2.4,9.9,NA,2.3,9726,279,2254.119,64.662,NA,NA,"2","1","3","1","2","1","4","1","0",NA,"2","1","2","1","4","0","0","0","0","0","2","1","2","1","0","0",NA,"4273","120","83.6","83.6","79.29","79.29"
"115","PER","Peru","Latin America and the Caribbean",1380.2,3725.4,124,112.9874,3.7606,3225.5,3.0206,2757.2,0.0836,NA,97.35,32971846,25.129,29.1,7.151,4.455,12236.706,3.5,85.755,5.95,4.8,NA,NA,1.6,94933,2789,2879.214,84.587,105627,0.085,"3","1","3","1","2","1","4","1","2","1","3","1","2","1","4","1","1","2","0","0","2","1","2","1","0","0",NA,"14420","348","96.03","96.03","97.14","97.14"
"116","PHL","Philippines","Asia and the Pacific",231,220,11.8,2.0076,0.1076,NA,1.716,6324,0.058,NA,94.58,109581085,351.873,25.2,4.803,2.661,7599.188,NA,370.437,7.07,7.8,40.8,78.463,1,12718,831,116.06,7.583,NA,NA,"3","1","3","1","2","1","4","1","2","1","2","1","2","1","3","1","0","2","0","0","2","1","2","2","0","0",NA,"6087","397","97.22","94.58","94.29","94.29"
"117","PNG","Papua New Guinea","Asia and the Pacific",1,0,0,0,0,NA,NA,NA,NA,NA,43.66,8947027,18.22,22.6,3.808,2.142,3823.194,NA,561.494,17.65,23.5,48.8,NA,NA,8,0,0.894,0,NA,NA,"0","1","2","0","2","1","4","0","0","1","1","0","2","0","2","0",NA,"0","0","0","2","1","2","2","0","0",NA,"8","0","51.6","51.6","50.95","50.95"
"118","POL","Poland","Europe",361.6,336.2,15,8.8832,0.3962,19773.4,16.3142,20202.8,0.5338,NA,NA,37846605,124.027,41.8,16.763,10.202,27216.445,NA,227.331,5.91,23.3,33.1,NA,6.62,18885,936,498.988,24.731,653224,0.454,"3","1","2","1","2","1","4","1","1","1","1","1","2","1","4","1","0","1","0","0","2","1","1","0","0","0",NA,"8742","347","88.09","88.09","88.81","88.81"
"119","PRI","Puerto Rico","Latin America and the Caribbean",43,76.2,1.8,26.6356,0.6294,NA,NA,NA,NA,NA,97.35,2860840,376.232,38.2,15.168,9.829,35044.67,NA,108.094,12.9,NA,NA,NA,NA,2710,124,947.274,43.344,NA,NA,"3","1","3","1","2","1","4","1","2","1","3","1","2","1","4","1","1","2","0","0","2","1","1","2","0","0",NA,"1252","63","100","97.35","97.14","93.57"
"120","PRT","Portugal","Europe",550.2,215.4,11.2,21.1244,1.0984,14802.3333333333,63.866,15254.3333333333,1.49633333333333,NA,NA,10196707,112.371,46.2,21.502,14.924,27936.896,0.5,127.842,9.85,16.3,30,NA,3.39,29209,1231,2864.552,120.725,NA,NA,"3","1","3","1","2","1","4","1","1","1","2","1","1","1","3","1","1","2","0","0","2","1","3","1","0","0",NA,"25524","1007","86.64","86.64","85.95","85.95"
"121","PRY","Paraguay","Latin America and the Caribbean",8.6,9.6,0,1.346,0,NA,NA,NA,NA,NA,NA,7132530,17.144,26.5,6.378,3.833,8827.01,1.7,199.128,8.27,5,21.6,79.602,1.3,788,11,110.48,1.542,NA,NA,"3","1","3","1","2","1","4","1","1","1","3","1","2","1","4","1","1","2","0","0","2","1","2","1","0","0",NA,"213","10","96.03","96.03","92.38","92.38"
"122","PSE","West Bank","Europe",9,3.8,0,0.7448,0,NA,NA,NA,NA,NA,NA,5101416,778.202,20.4,3.043,1.726,4449.898,1,265.91,10.59,NA,NA,NA,NA,567,4,111.146,0.784,NA,NA,"3","1","3","1","2","1","4","1","2","1","2","1","2","1","4","0",NA,"2","0","0","2","1","1","1","0","0",NA,"547","4","97.35","97.35","97.14","97.14"
"123","QAT","Qatar","West Asia",355.4,1486,0.2,515.7824,0.0694,4448.8,54.5858,4205.8,1.46,NA,90.74,2881060,227.322,31.9,1.307,0.617,116935.6,NA,176.69,16.52,0.8,26.9,NA,1.2,33969,15,11790.452,5.206,166182,1.557,"3","1","2","1","2","1","4","1","2","1","2","1","1","1","4","2","0","0","0","0","2","1","1","2","0","0",NA,"5008","10","90.74","90.74","90","90"
"124","ROU","Romania","Europe",357,206.8,18.2,10.7496,0.9462,8063.33333333333,15.7456666666667,7936,0.412333333333333,NA,76.98,19237682,85.129,43,17.85,11.69,23313.199,5.7,370.946,9.74,22.9,37.1,NA,6.892,17036,1107,885.554,57.543,NA,NA,"3","1","2","1","2","1","4","1","2","0","2","1","2","0","4","2","0","2","0","0","2","1","3","1","0","0",NA,"8418","417","88.36","88.36","85.24","85.24"
"125","RUS","Russia","Europe",3693,9681.4,102,66.3408,0.6988,232842.8,47.262,211018.4,1.4458,NA,84.39,145934460,8.823,39.6,14.178,9.393,24765.954,0.1,431.297,6.18,23.4,58.3,NA,8.05,290678,2722,1991.839,18.652,7352316,1.407,"3","1","3","1","2","1","4","1","1","1","2","0","2","0","4","0",NA,"2","0","0","2","1","3","2","0","0",NA,"36793","313","87.04","87.04","87.62","87.62"
"126","RWA","Rwanda","Africa",3.4,2,0,0.1544,0,1494.5,3.7625,1004.75,0.07775,NA,NA,12952209,494.869,20.3,2.974,1.642,1854.211,56,191.375,4.28,4.7,21,4.617,NA,297,0,22.93,0,NA,NA,"3","1","3","1","2","1","4","1","2","1","3","1","2","1","4","0",NA,"1","0","0","2","1","3","2","0","0",NA,"287","0","100","100","97.14","97.14"
"127","SAU","Saudi Arabia","West Asia",668,2503,9.4,71.8968,0.27,20899.4,16.5724,18089,0.5196,NA,87.84,34813867,15.322,31.9,3.295,1.845,49045.411,NA,259.538,17.72,1.8,25.4,NA,2.7,57345,320,1647.188,9.192,618084,0.463,"3","1","2","1","2","1","4","1","2","1","3","0","2","0","4","2","0","1","0","0","2","1","2","2","0","0",NA,"8274","92","87.84","87.84","93.57","86.43"
"128","SDN","Sudan","Africa",7.4,154.6,3,3.5258,0.0684,NA,NA,NA,NA,NA,NA,43849269,23.258,19.7,3.548,2.034,4466.507,NA,431.388,15.67,NA,NA,23.437,0.8,2591,105,59.089,2.395,NA,NA,"3","1","1","1","2","1","3","1","2","1","2","0","2","0","4","0",NA,"0",NA,"0","2","1","2","1","0","0",NA,"1964","41","83.73","83.73","85.24","85.24"
"129","SEN","Senegal","Africa",11.8,87.8,0.8,5.2436,0.0478,987,1.7034,1010.8,0.0604,NA,NA,16743930,82.328,18.7,3.008,1.796,2470.58,38,241.219,2.42,0.4,16.6,20.859,NA,2544,26,151.936,1.553,30436,0.056,"3","1","0",NA,"2","1","4","1","0",NA,"0",NA,"2","1","4","1","0","2","0","0","2","1","2","2","0","0",NA,"350","9","66.67","66.67","68.57","68.57"
"130","SGP","Singapore","Asia and the Pacific",614.8,599.4,0.2,102.4556,0.0342,NA,NA,NA,NA,NA,85.18,5850343,7915.731,42.4,12.922,7.049,85535.383,NA,92.243,10.99,5.2,28.3,NA,2.4,28343,22,4844.673,3.76,NA,NA,"3","1","3","1","2","1","4","1","1","1","2","1","2","1","2","1","1","2","0","0","2","1","2","2","0","0",NA,"11178","12","87.83","87.83","86.67","86.67"
"131","SLE","Sierra Leone","Africa",3.8,26.4,2.4,3.3096,0.3008,NA,NA,NA,NA,NA,NA,7976985,104.7,19.1,2.538,1.285,1390.3,52.2,325.721,2.42,8.8,41.3,19.275,NA,519,33,65.062,4.137,NA,NA,"3","1","0","1","2","1","3","1","1","1","1","1","2","1","4","0",NA,"0","0","0","2","1","2","2","0","0",NA,"82","0","77.64","77.64","78.1","78.1"
"132","SLV","El Salvador","Latin America and the Caribbean",8.2,60.2,2,9.2814,0.3084,3066.33333333333,8.58675,2086.75,0.32175,NA,100,6486201,307.811,27.6,8.273,5.417,7292.458,2.2,167.295,8.87,2.5,18.8,90.65,1.3,1413,30,217.847,4.625,NA,NA,"3","1","3","1","2","1","4","1","1","1","3","1","2","1","4","1","1","1","0","0","2","1","3","0","0","0",NA,"298","8","96.03","96.03","92.38","92.38"
"133","SMR","San Marino","Europe",19.8,2.2,0,64.8238,0,NA,NA,NA,NA,NA,71.42,33938,556.667,NA,NA,NA,56861.47,NA,NA,5.64,NA,NA,NA,3.8,654,41,19270.434,1208.085,NA,NA,"3","1","2","1","2","1","4","1","2","1","1","1","1","1","4","1","1","1","0","0","2","1","2","2","0","0",NA,"513","41","92.06","92.06","90","90"
"134","SOM","Somalia","Africa",22,47.2,1,2.9698,0.063,NA,NA,NA,NA,NA,NA,15893219,23.5,16.8,2.731,1.496,NA,NA,365.769,6.05,NA,NA,9.831,0.9,1455,57,91.548,3.586,NA,NA,"3","1","0",NA,"2","1","3","1","0",NA,"1","1","0",NA,"4","0",NA,"0",NA,"0","2","1","1","0","0","0",NA,"286","28","59.39","59.39","61.43","61.43"
"135","SRB","Serbia","Europe",388,80.8,1.8,11.8742,0.2646,5577.2,26.4752,5712,0.8394,NA,75.525,6804596,80.291,41.2,17.366,NA,14048.881,NA,439.415,10.08,37.7,40.2,97.719,5.609,10699,231,1572.32,33.948,190683,0.779,"3","1","2","1","2","1","4","1","2","1","3","1","2","0","4","1","0","1","0","0","2","1","1","2","0","0",NA,"5994","125","94.18","94.18","93.57","93.57"
"136","SSD","S. Sudan","Africa",0,15.8,0.8,1.4114,0.0714,NA,NA,NA,NA,NA,94.71,11193729,NA,19.2,3.441,2.032,1569.888,NA,280.775,10.43,NA,NA,NA,NA,282,4,25.193,0.357,NA,NA,"3","1","3","1","2","1","4","1","1","1","2","0","2","1","4","0",NA,"0","0","0","2","1","2","1","0","0",NA,"4","0","90.21","90.21","92.38","92.38"
"137","SUR","Suriname","Latin America and the Caribbean",0,0.2,0,0.341,0,NA,NA,NA,NA,NA,NA,586634,3.612,29.6,6.933,4.229,13767.119,NA,258.314,12.54,7.4,42.9,67.779,3.1,11,1,18.751,1.705,NA,NA,"3","1","0",NA,"2","1","4","1","2","1","2","1","2","0","4","0",NA,"0","0","0","2","1","1","1","0","0",NA,"10","1","83.07","83.07","79.29","79.29"
"138","SVK","Slovakia","Europe",64,5.2,0.2,0.9522,0.0366,2712.8,25.9084,3177.4,0.582,NA,78.96,5459643,113.128,41.2,15.07,9.167,30155.152,0.7,287.959,7.29,23.1,37.7,NA,5.82,1495,28,273.827,5.129,145474,0.374,"3","1","2","0","2","1","3","1","1","1","1","1","1","1","4","2","0","2","0","0","2","1","1","2","0","0",NA,"1455","26","78.96","78.96","80.48","80.48"
"139","SVN","Slovenia","Europe",21,0.6,0.2,0.2886,0.0962,817.25,33.55425,931.75,0.44825,NA,NA,2078932,102.619,44.5,19.062,12.93,31400.84,NA,153.493,7.25,20.1,25,NA,4.5,1466,104,705.17,50.026,NA,NA,"3","1","2","1","2","1","4","1","2","1","1","1","2","1","3","1","1","2","0","0","2","1","2","1","0","0",NA,"1439","103","89.28","89.28","90.71","90.71"
"140","SWE","Sweden","Europe",574.8,493.6,47.6,48.8748,4.713,NA,20.784,4595.66666666667,0.455333333333333,NA,47.35,10099270,24.718,41,19.985,13.433,46949.283,0.5,133.982,4.79,18.8,18.9,NA,2.22,30377,3698,3007.841,366.165,NA,NA,"1","1","1","1","0",NA,"3","1","0",NA,"0",NA,"1","1","3","2","0","1","0","0","2","1","1","1","0","0",NA,"13822","1511","47.35","47.35","58.1","58.1"
"141","SWZ","Swaziland","Africa",0.8,3.2,0,2.7582,0,NA,NA,NA,NA,NA,84.26,1160164,79.492,21.5,3.163,1.845,7738.975,NA,333.436,3.94,1.7,16.5,24.097,2.1,203,2,174.975,1.724,NA,NA,"3","1","0",NA,"2","1","3","1","2","1","2","1","2","1","4","0",NA,"0","0","0","2","1","3","1","0","0",NA,"24","1","84.26","84.26","82.86","82.86"
"142","SYC","Seychelles","Africa",0.2,0,0,0,0,NA,NA,NA,NA,NA,NA,98340,208.354,36.2,8.606,5.586,26382.287,1.1,242.648,10.55,7.1,35.7,NA,3.6,11,0,111.857,0,NA,NA,"3","1","3","1","2","1","4","1","2","1","2","1","2","1","3","0",NA,"0","0","0","2","1","2","2","0","0",NA,"11","0","94.58","94.58","94.29","94.29"
"143","SYR","Syria","West Asia",2.6,2,0,0.1142,0,NA,NA,NA,NA,NA,NA,17500657,NA,21.7,NA,2.577,NA,NA,376.264,NA,NA,NA,70.598,1.5,58,3,3.314,0.171,NA,NA,"3","1","2","1","2","0","3","1","2","1","2","0","2","0","3","0",NA,"0","0","0","2","1","1",NA,NA,NA,NA,"42","3","80.43","80.43","83.1","83.1"
"144","TCD","Chad","Africa",2,29.4,2.2,1.79,0.1342,NA,NA,NA,NA,NA,NA,16425859,11.833,16.7,2.486,1.446,1768.153,38.4,280.995,6.1,NA,NA,5.818,NA,519,53,31.597,3.227,NA,NA,"3","1","3","1","2","1","3","1","2","1","2","0","2","0","4","0",NA,"2","0","0","2","1","1","0","0","0",NA,"33","0","88.23","88.23","97.14","97.14"
"145","THA","Thailand","Asia and the Pacific",24,2.8,0,0.04,0,NA,NA,NA,NA,NA,82.145,69799978,135.132,40.1,11.373,6.89,16277.671,0.1,109.861,7.04,1.9,38.8,90.67,2.1,3031,56,43.424,0.802,NA,NA,"3","1","2","0","2","1","3","1","2","0","1","1","2","0","4","2","1","2","0","0","2","1","2","1","0","0",NA,"2839","54","83.73","83.73","84.05","84.05"
"146","TTO","Trinidad and Tobago","Latin America and the Caribbean",0.2,0,0,0,0,NA,NA,NA,NA,NA,93.38,1399491,266.886,36.2,10.014,5.819,28763.071,NA,228.467,10.97,NA,NA,89.443,3,116,8,82.887,5.716,NA,NA,"3","1","3","1","2","1","4","1","1","1","2","1","2","1","4","2","1","2","0","0","2","1","1","2","0","0",NA,"116","8","93.38","93.38","92.38","92.38"
"147","TUN","Tunisia","Africa",28,2.2,0.2,0.1862,0.017,1252.66666666667,3.44,1265.33333333333,0.107333333333333,NA,NA,11818618,74.228,32.7,8.001,5.075,10849.297,2,318.991,8.52,1.1,65.8,78.687,2.3,1043,46,88.251,3.892,NA,NA,"3","1","3","1","2","1","4","1","1","1","2","1","2","1","3","1","1","2","0","0","2","1","1","1","0","0",NA,"1032","45","90.61","90.61","89.52","89.52"
"148","TUR","Turkey","Europe",4256,1495.8,43.8,17.7356,0.5194,33338.6,19.1786,35424.2,0.42,NA,80.42,84339067,104.914,31.6,8.153,5.061,25129.341,0.2,171.285,12.13,14.1,41.1,NA,2.81,150593,4171,1785.566,49.455,1675517,0.301,"3","1","2","1","2","1","0",NA,"2","0","2","1","2","1","4","2","0","1","0","0","2","1","2","2","0","0",NA,"82329","1890","80.42","80.42","88.81","88.81"
"149","TWN","Taiwan","Asia and the Pacific",1,0,0,0,0,249.5,2.9105,289,0.012,NA,NA,23816775,NA,42.2,NA,8.353,NA,NA,103.957,NA,NA,NA,NA,NA,440,7,18.474,0.294,NA,NA,"0",NA,"0",NA,"1","1","0",NA,"0",NA,"0",NA,"0",NA,"4","1","0","0","0","0","2","1","2","2","0","0",NA,"440","6","29.36","29.36","35.24","35.24"
"150","TZA","Tanzania","Africa",20.4,0,0,0,0,NA,NA,NA,NA,NA,50.4,59734213,64.699,17.7,3.108,1.874,2683.304,49.1,217.288,5.75,3.3,26.7,47.953,0.7,509,21,8.521,0.352,NA,NA,"3","1","0",NA,"2","0","3","1","0",NA,"0",NA,"0",NA,"4","0",NA,"0","0","0","2","1","0","1","0","0",NA,"509","21","50.4","50.4","51.43","51.43"
"151","UGA","Uganda","Africa",0.2,24.2,0,0.529,0,2301,1.58566666666667,2000,0.0435,NA,89.94,45741000,213.759,16.4,2.168,1.308,1697.707,41.6,213.333,2.5,3.4,16.7,21.222,0.5,260,0,5.684,0,NA,NA,"3","1","3","1","2","1","3","1","2","1","2","1","2","1","3","0",NA,"0","0","0","2","1","1","1","0","0",NA,"79","0","92.59","92.59","94.29","94.29"
"152","UKR","Ukraine","Europe",469.4,438.2,19.2,10.0196,0.439,7493.2,5.181,7468.2,0.1708,NA,92.06,43733759,77.39,41.4,16.462,11.133,7894.393,0.1,539.849,7.11,13.5,47.4,NA,8.8,18616,535,425.667,12.233,239961,0.161,"3","1","2","1","2","1","4","1","2","1","1","1","2","1","4","1","0","1","0","0","2","1","1","1","0","0",NA,"9009","220","92.06","92.06","93.57","93.57"
"153","URY","Uruguay","Latin America and the Caribbean",9,3.6,0.2,1.0364,0.0576,835,9.4834,769.2,0.2214,NA,71.16,3473727,19.751,35.6,14.655,10.361,20551.409,0.1,160.708,6.93,14,19.9,NA,2.8,737,20,212.164,5.758,34384,0.151,"3","0","1","1","2","1","0",NA,"1","1","1","1","2","1","4","1","0","2","0","0","2","1","1","1","0","0",NA,"517","17","71.16","71.16","81.67","81.67"
"154","USA","United States","North America",30498.4,23570.4,1244,71.209,3.7582,364115.5,34.111,346286.25,1.04625,NA,68.41,331002647,35.608,38.3,15.413,9.732,54225.446,1.2,151.089,10.79,19.1,24.6,NA,2.77,1508598,90353,4557.661,272.968,NA,NA,"3","0","3","0","2","0","4","0","1","0","2","0","2","0","3","2","0","1","0","0","2","1","3","1","0","0",NA,"735086","38910","68.41","68.41","70","70"
"155","UZB","Uzbekistan","Asia and the Pacific",99.4,38,0.4,1.1354,0.012,NA,NA,NA,NA,NA,87.5675,33469199,76.134,28.2,4.469,2.873,6253.104,NA,724.417,7.57,1.3,24.7,NA,4,2802,13,83.719,0.388,NA,NA,"3","1","3","1","2","1","4","1","2","1","2","1","2","1","4","1","0","2","0","0","2","1","1","2","0","0",NA,"1495","10","88.36","88.36","90","90"
"156","VEN","Venezuela","Latin America and the Caribbean",7.6,35.6,0,1.2522,0,NA,NA,NA,NA,NA,86.24,28435943,36.253,29,6.614,3.915,16745.022,NA,204.85,6.47,NA,NA,NA,0.8,618,10,21.733,0.352,NA,NA,"3","1","3","1","2","1","3","1","0",NA,"2","1","2","1","4","0",NA,"2","0","0","2","1","1","0","0","0",NA,"256","10","84.26","84.26","82.86","82.86"
"157","VNM","Vietnam","Asia and the Pacific",0.2,7.2,0,0.074,0,NA,NA,NA,NA,NA,NA,97338583,308.127,32.6,7.15,4.718,6171.884,2,245.465,6,1,45.9,85.847,2.6,324,0,3.329,0,NA,NA,"3","0","2","1","2","1","3","1","1","1","0","0","2","1","4","1","1","0","0","0","2","1","3","2","0","0",NA,"270","0","77.12","69.18","85.24","85.24"
"158","YEM","Yemen","West Asia",0,12,1.6,0.4024,0.0538,NA,NA,NA,NA,NA,54.23,29825968,53.508,20.3,2.922,1.583,1479.147,18.8,495.003,5.35,7.6,29.2,49.542,0.7,130,20,4.359,0.671,NA,NA,"3","1","0",NA,"2","1","0",NA,"0",NA,"1","1","2","0","4","0",NA,"0","0","0","1","1","0","0","0","0",NA,"1","0","54.23","54.23","59.05","59.05"
"159","ZAF","South Africa","Africa",152.4,871.8,13.4,14.6994,0.226,18013.25,7.575,16708.25,0.28175,NA,88.75,59308690,46.754,27.3,5.344,3.053,12294.876,18.9,200.38,5.52,8.1,33.2,43.993,2.32,16433,286,277.076,4.822,NA,NA,"3","1","2","1","2","1","3","1","1","1","2","1","2","1","4","1","1","0","0","0","2","1","3","2","0","0",NA,"3034","58","88.75","88.75","88.81","88.81"
"160","ZMB","Zambia","Africa",2.4,63,0,3.4268,0,NA,NA,NA,NA,NA,45.37,18383956,22.995,17.7,2.48,1.542,3689.251,57.5,234.499,3.94,3.1,24.7,13.938,2,761,7,41.395,0.381,NA,NA,"3","1","0","1","2","0","4","0","0",NA,"2","0","2","0","2","0",NA,"1","0","0","2","1","1","2","0","0",NA,"65","3","62.45","62.45","60.95","60.95"
"161","ZWE","Zimbabwe","Africa",1.6,1.8,0,0.1212,0,567.666666666667,0.83,376.5,0.0255,NA,91.4,14862927,42.729,19.6,2.822,1.882,1899.775,21.4,307.846,1.82,1.6,30.7,36.791,1.7,46,4,3.095,0.269,NA,NA,"3","1","3","1","2","1","3","1","1","1","2","1","2","1","4","1","1","0","0","0","2","1","1","2","0","0",NA,"34","4","91.4","91.4","92.38","92.38"
